0,深圳市艺梦来服饰有限公司
1,广州华腾实业投资有限公司
2,常州市美圣商贸有限公司
3,广州华腾实业投资有限公司
4,青岛汇通联合资产管理有限公司
5,广州沣鼎实业投资有限公司
6,广州沣鼎实业投资有限公司
7,北京互连众信科技有限公司
8,中源鹿控股（深圳）有限公司
9,科讯嘉联信息技术有限公司
10,广州沣鼎实业投资有限公司
11,南京奢狐电子商务有限公司
12,广州沣鼎实业投资有限公司
13,深圳市圣莉斯歌咨询管理有限公司
14,广州市巴图鲁信息科技有限公司
15,杭州宠恒电子商务有限公司
16,深圳市维度统计咨询股份有限公司
17,上海众结网络科技有限公司
18,上海太平洋房屋服务有限公司
19,中源鹿控股（深圳）有限公司
20,上海放牛娃信息科技有限公司
22,湖南舒比奇生活用品有限公司
23,广东铭太信息科技有限公司
24,济南雍贵企业管理咨询有限公司
25,北京中天方木教育科技有限公司
26,美律电子（深圳）有限公司
27,广州睿豪皮具实业有限公司
28,广州潮洋皮具贸易有限公司
29,滴滴出行
30,北京景气经济研究院有限公司成都分公司
31,南京我爱我家房屋租赁置换有限公司
32,苏州我爱我家房地产经纪有限公司海尚壹品分店
33,上海盛付通电子支付服务有限公司
34,华光（中国）投资有限公司
35,广州细刻网络科技有限公司
36,深圳市中海通物流股份有限公司
37,武汉深创在线科技有限公司
38,平安好房（上海）电子商务有限公司
39,上海点美投资咨询有限公司
40,东莞市华南专利商标事务所有限公司
41,美团点评
42,汇通天下（广州）科技有限公司
43,深圳淘腾网络科技有限公司
44,中亿云投资有限公司
46,北京学语乐童文化发展有限公司
48,四川康德赛医疗科技有限公司
49,南京链家房地产经纪有限公司
50,诺心食品（上海）有限公司
51,南京博为峰软件技术有限公司
52,苏州链家房地产经纪有限公司
53,北京优捷信达信息科技有限公司
54,PPmoney万惠集团
55,汇付天下有限公司
56,常州九石商务信息咨询有限公司
57,华泰期货有限公司
58,恒泰证券股份有限公司上海吴淞路证券营业部
59,宝岛眼镜
60,西安黑曜石展示设计有限责任公司
61,陕西汉唐中天信息技术有限公司
62,北京大旺食品有限公司丰台分公司（旺旺食品）
63,北京华润北贸医药经营有限公司
64,杭州原极品牌管理有限公司
65,深圳市博恒睿文化传媒有限公司
66,深圳德坤物流有限公司
67,广州坚润科技有限公司
68,华壹信融投资管理（北京）有限责任公司
69,深圳市康比特信息技术有限公司
70,深圳市中地软件工程有限公司
71,深圳市数聚能源科技有限公司
72,黑龙江省容维证券数据程序化有限公司天津分公司
73,广州九尾信息科技有限公司
74,苏州斯多福信息咨询有限公司
75,武汉众汇信资产管理有限公司
76,上海宾谷网络科技有限公司
77,杭州梦柯服饰有限公司
78,广州威曼服饰有限公司
79,湖南联信科技有限公司
80,北京新华祥瑞科技有限公司
81,重庆近友网络技术有限公司
82,上海语德教育科技有限公司
83,上海新炬网络信息技术股份有限公司
84,上海迈可服饰洗涤护理有限公司
85,北京越铖国际科技有限公司
86,北京高力国际物业服务有限公司
87,湖南爱运动体育用品有限公司
88,字节跳动
89,上海博弋信息科技有限公司
90,杭州闹海房地产经纪有限公司
91,拾影家居（上海）有限公司
92,广州沣鼎实业投资有限公司
93,天睿信科技术（北京）有限公司
94,欢聚时代（多玩YY）
95,福建彩虹叮当婴童用品有限公司
96,江苏银信融通信息科技有限公司
97,明宇创影科技（成都）有限公司
98,东腾（嘉兴）信息科技有限公司
99,北京环球国广媒体科技有限公司
100,广东万城万充
101,新湃资本投资管理（内蒙古）有限公司
102,广州市合众实业投资有限公司
103,武汉启瑞科技发展有限公司
104,杭州联华华商集团有限公司
105,江西仁和堂医药连锁有限公司
106,深圳前海用友力合金融服务有限公司
107,上海陆鹰实业有限公司
108,杭州驹马物流有限公司
109,赫基集团－总部
110,两鲜商贸（上海）有限公司
111,南京朗睿软件科技有限公司
112,深圳市华师兄弟文化传播有限公司
113,武汉顺诚嘉电子商务有限公司
114,上海守恒广告有限公司
115,优迅企业管理咨询（大连）有限公司
116,昆明柏德口腔门诊有限公司
117,上海忠信徐企业管理有限公司
118,广东金湾信息科技有限公司
119,成都鼎汇信息技术咨询有限公司
120,浙江弘达环保科技有限公司
121,广州市韩调服饰有限公司
122,北京云迹科技有限公司
123,法兴华宝汽车租赁（上海）有限公司
124,上海商情信息中心有限责任公司
125,特步（中国）广东分公司
126,杭州如笑服饰有限公司
127,重庆蜘蛛王
130,河南晟格网络科技有限公司
131,客如云科技（北京）股份有限公司
132,深圳市迷你玩科技有限公司
133,广东百事泰电子商务股份有限公司
134,上海绚瑞服饰有限公司
135,杭州安步网络科技有限公司
136,晨光文具---石家庄晨华文具有限公司
137,广州中赢实业投资有限公司
138,广州公瑾财务咨询有限公司
139,广州市米可市场服务有限公司
140,北京华信智原教育技术有限公司河北分公司
141,重庆猪八戒网络有限公司
142,广东昱升个人护理用品股份有限公司
143,深圳市百德惠电子商务有限公司
144,彩讯科技股份有限公司
145,上海发网供应链管理有限公司
146,广州市诚美涂饰工程有限公司
147,安徽颂智实业有限公司
148,小站教育
149,重庆省心宝科技有限公司
150,北京金英杰教育科技集团有限公司
151,传富置业（成都）有限公司
152,大连中科云信息技术有限公司
153,大连摩比维迪视频系统有限公司
154,杭州同花顺数据开发有限公司
155,上海唯问生物技术有限公司
156,荟鑫（北京）投资管理有限公司
157,郑州启凡计算机软件有限公司
158,江苏鼎汇嘉诚教育科技有限公司第一分部
159,东莞市天助网络信息技术有限公司
160,好孩子南通服饰有限公司
161,东莞闹海房地产经纪有限公司
162,上海康木日化有限公司
163,南京三宝科技股份有限公司
164,沈阳万嘉富盛科技有限公司
165,云南素风服饰有限公司
166,广州华腾实业投资有限公司
167,上海美豪酒店管理股份有限公司
168,上海紫燕食品有限公司
169,成都金控金融培训中心
170,深圳市盈合数字技术有限公司
171,骆驼(camel)中国
172,广州华腾实业投资有限公司
173,杭州诺贝尔陶瓷有限公司
174,广州市诚毅科技软件开发有限公司
175,沈阳链家宝业房地产经纪有限公司
176,南昌百树教育集团
177,南京市玄武区宇皋俊电子科技中心
178,合肥风聘网络科技有限公司
179,骆驼服饰
180,上海胜军投资管理有限公司
181,昌正实业（广州）有限公司
182,西安吉客印电子商务有限公司
183,南京大旺食品有限公司苏州分公司
184,琦伟（苏州）纺织有限公司
185,杭州印尚企业管理有限责任公司
186,佛山淘气贝贝服饰有限公司
187,珠海市凯丽有限公司（女装AZONA a02）
188,林氏木业
189,广州健民医药连锁有限公司
190,德高广告（上海）/申通德高
191,上海普天物流有限公司
192,安得智联科技股份有限公司
193,北京中油瑞飞信息技术有限责任公司
194,广州欧博化妆品有限公司
195,深圳市艾维时尚服饰有限公司
196,深圳市利朗达科技有限公司
197,厦门弘有信信息技术服务有限公司
198,深圳市晋年贸易有限公司
199,杭州优灿科技有限公司
200,vivo智能手机（维沃移动通信有限公司）
201,珠海诚丰文化传播有限公司
202,北京中辉时代商务咨询有限公司
203,上海志行合力网络技术有限公司深圳分公司
204,伺动营销科技(上海)有限公司
205,南京月艺商贸有限公司
206,北京中辉时代商务咨询有限公司
207,广州赛意信息科技股份有限公司
208,指南者教育
209,东莞市以纯集团有限公司
210,北京华信智原教育技术有限公司福州分公司
211,天地华宇集团
212,美味不用等
213,广州两三事服饰有限公司
214,深圳市卓旺科技有限公司
215,上海诺祺科技有限公司
216,武汉吉家房地产经纪服务有限公司
217,广东椰泰生物科技有限公司
218,上海东昌汽车投资有限公司
219,合肥常贝酒店管理有限责任公司
220,广州乐欣母婴用品有限公司
221,广州商博信息科技有限公司
222,湖北祥云天下传媒科技有限公司
223,广东菲立智能家居有限公司
224,上海葆溯医药科技有限公司
225,广州巧妆化妆品有限公司
226,武汉虾与稻餐饮管理有限公司
227,深圳市一览网络股份有限公司
228,重庆长安跨越车辆有限公司
229,北京方正科技信息产品有限公司
230,安徽尚科博文教育科技有限公司
231,南通双环经贸发展有限公司
232,深圳市百森鞋业有限公司
233,东莞市欧艺家居饰品有限公司
234,三六一度郑州鸣杨体育用品有限公司
235,杭州炫动电子商务有限公司
236,上海清聂电子商务有限公司
237,天津美维信息技术有限公司成都分公司
238,广州爱藏网电子商务有限公司
239,顺便信息科技有限公司
240,广东康之家云健康医药股份有限公司
241,浙江戈美其鞋业有限公司
242,广州足力健电子商务有限责任公司
243,成都大唐房屋中介有限公司
244,广东歌蒂诗服饰有限公司
245,上海麦寻服饰有限公司
246,小牛气（深圳）技术有限公司
247,MG小象
248,蓝鸥科技（武汉）有限公司
249,杭州越姿服装有限公司
250,天能电池集团有限公司
251,深圳市艾奴伊服饰有限公司
252,上海高欣计算机系统有限公司
253,杭州奕亨科技有限公司
254,佛山市卡尔菲特服饰有限公司
255,广东爱依服商贸有限公司
256,上海语德教育科技有限公司
257,广州大凌实业股份有限公司
258,济南南桔网络科技有限公司
259,杭州卓亨服饰有限公司
260,东莞市优韩一号服饰有限公司
261,广州市妮乔服饰有限公司
262,华润雪花啤酒（中国）有限公司云南销售分公司
263,深圳市国翔商贸有限公司
264,福州函素贸易有限公司
265,宣城金策信息科技有限公司
266,重庆杰坤文化传播有限公司
267,中山市荣实服饰有限公司
268,天伊成科技
269,广州衣酷服饰有限公司
270,苏州凯驰服饰有限公司
271,广东万富信息科技有限公司
272,杭州杜纬网络科技有限公司
273,车300
274,陕西依婷菲尔商贸有限公司
275,广州杰日鲜果汁食品有限公司
276,菲拉格慕服饰研发（嘉兴）有限公司
277,西安雅卓电子智能科技有限公司
278,广东兴发铝业有限公司
279,西安亚购信息科技有限公司
280,东莞杰高音响家具有限公司
281,苏州品超智能设备有限公司
282,哥弟—广州集集时尚服装有限公司
283,粤百年投资控股有限公司
284,威海诚益汽车销售有限公司
285,温州展泰眼镜有限公司
286,江苏中和贸易有限公司
287,四川成都贝壳闹海房地产经纪有限公司
288,宜信普惠信息咨询（北京）有限公司
289,宜信普惠信息咨询（北京）有限公司
290,去哪儿网总部
291,去哪儿网专车事业部
292,去哪儿网大住宿事业部
293,中国平安财产保险股份有限公司广东分公司
294,中国平安财产保险股份有限公司厦门分公司
295,中国平安财产保险股份有限公司内蒙古分公司
296,中国平安财产保险股份有限公司
297,中国平安财产保险股份有限公司四川分公司
298,中粮我买网有限公司
299,中移物联网有限公司
300,网易集团
301,温州优欧电子商务有限公司
302,浙江爱仕达电器股份有限公司
303,湖南机械之家信息科技有限公司
304,北京奥金智策传媒科技有限公司
306,彪洋科技（北京）有限公司
307,南极电商（上海）有限公司
308,上海凭安征信服务有限公司
309,武汉雍禾美度医疗美容门诊部有限公司
310,中移在线服务有限公司
311,东方通科技无锡有限公司
312,广州中赢实业投资有限公司
313,沈阳榴莲科技有限公司
314,广东广信通信服务有限公司
315,成都新潮传媒集团股份有限公司
316,海南富力房地产开发有限公司
317,广州优宿企业管理有限公司
318,深圳易帆互动科技有限公司
319,上海五蕴信息科技有限公司
320,北京万向卓迹商贸有限公司
321,天津兆银律师事务所
322,上海安吉星信息服务有限公司
323,上海食派士商贸发展有限公司
324,华域集团（控股）有限公司
325,青岛东石教育咨询有限公司
326,辽宁纽麦斯国际贸易有限公司
327,北京百乐惠企业管理服务有限公司
328,北京千龙新闻网络传播有限责任公司
329,广州华腾实业投资有限公司
330,深圳市海钜信达投资发展有限公司
331,富士康（南京）通讯有限公司
332,广州华腾实业投资有限公司
333,上海赛飞航空线缆制造有限公司
334,上海益玩网络科技有限公司广州分公司
335,四川瑞康创新科技有限公司
336,深圳泓石信息技术有限公司
337,秒针信息技术有限公司
338,上海东方希杰商务有限公司/东方购物/东方CJ
339,深圳市法本信息技术有限公司上海分公司
340,杭州领俊电子商务有限公司
341,北京钱得乐科技有限公司
342,成都橙视传媒科技股份公司
343,上海颐隽实业有限公司
344,广州腾羿服饰有限公司
345,上海百秋电子商务有限公司
346,广州涌智信息科技有限公司
347,广州道然信息科技有限公司
348,上海房金所金融信息服务有限公司
349,沃思信息技术服务（大连）有限公司
350,北京CCCIS信息技术有限公司
351,上海齐家网信息科技股份有限公司
352,成都罗卡基建商务信息咨询有限公司
353,苏州工品汇信息科技有限公司
354,好屋中国
355,上海图书有限公司
356,上海雷神咨询有限公司
357,北京海科融通支付服务股份有限公司
358,北京外企德科人力资源服务上海有限公司
359,上海怡亚通松立供应链管理有限公司
360,Today今天便利
361,深圳百一软件科技有限公司
362,宝胜国际
363,北京盛业恒泰投资有限公司
364,掌门1对1
365,雅智捷（上海）商贸有限公司
366,浙江博学文化生活用品有限公司
367,上海奕尚网络信息有限公司
368,上海天汉环境资源有限公司
369,广东塑擎实业有限公司
370,贵州迈知学云教育科技有限公司
371,广州市拇指派通讯科技有限公司
372,广东体必康生物科技有限公司
373,深圳万旗服饰有限公司
374,广州市百信传媒有限公司
375,广州公盈网络信息有限公司
376,广东天拓海汇科技有限公司
377,择信开发公司
378,择信开发公司
379,知名互联网企业
380,广州市嵘艺工艺品有限公司
381,广州沃康环保科技有限公司
382,盛大游戏
383,辽宁贝壳房地产经纪有限公司
384,上海二三四五网络科技有限公司
385,新年华电子商务（深圳）有限公司
386,广州云养邦互联科技有限公司
387,红岭创投电子商务股份有限公司
388,广州爱韵生物科技有限公司
389,苏州星智达管理咨询有限公司
390,上海中梁地产集团有限公司
391,广州童程童美教育科技有限公司
392,金光企业管理（上海）有限公司
393,艾莱依集团-艾莱依实业/艾莱依家纺
394,山东力威经贸有限公司
395,上海软科教育信息咨询有限公司
397,TutorABC英语
398,广州众橙广告有限公司
399,上海特朗思大宇宙信息技术服务有限公司
400,广州美丽依柜服饰有限公司
401,江西飞尚科技有限公司
402,世纪金源投资集团有限公司
403,上海邮乐网络技术有限公司
404,深圳市万生堂实业有限公司
405,房天下上海分公司
406,江苏五一互联电子商务有限公司
407,浙报数字文化集团股份有限公司
408,河南脉友会创业孵化器有限公司
409,北京思特奇信息技术股份有限公司
410,北京神脑资讯技术有限公司
411,广东金品汇商业有限公司
412,精硕科技(北京)股份有限公司
413,上海亚细亚陶瓷有限公司
414,广州力挚网络科技有限公司
415,精中教育
416,宁波长青家居用品有限公司
417,江苏天目湖旅游股份有限公司
418,广州艾力彼管理顾问有限公司
419,广东兆丰恒业黄金有限公司
420,青岛信得药业有限公司
421,沈阳链家宝业房地产经纪有限公司彩塔街店
422,宁波中集物流装备有限公司
423,房天下杭州分公司
424,杭州湃沃电子商务有限公司
425,武汉康普常青软件技术股份有限公司
426,安徽文王酿酒股份有限公司
427,清华四川能源互联网研究院
428,厦门市九鲤投资管理有限公司
429,森萨塔科技（宝应）有限公司
430,文思海辉技术有限公司Pactera Technology International Limited
432,江苏远大信息股份有限公司
433,乔达国际供应链管理(深圳)有限公司
434,广东兆丰恒业控股集团有限公司
435,上海小牛互娱智能科技有限公司
436,筑客网络技术（上海）有限公司
437,东恒万通（北京）信息咨询服务有限公司
438,浙江纳雅服饰有限公司
439,优品汽车服务（上海）有限公司
440,上海保隆汽车科技股份有限公司武汉分公司
441,重庆精思凌科技有限公司
442,宁波合众芸创财富投资管理有限公司
443,重庆中认科技有限公司
444,北京燕文物流有限公司
445,北京神州泰岳软件股份有限公司
446,The Studio（中国）
447,广州闪炫网络科技有限公司
448,河南原赫电力销售有限公司
449,浙江正泰电器股份有限公司
450,易唯思商务咨询（上海）有限公司
451,高新兴科技集团股份有限公司
452,浙江至元数据科技有限公司
453,上海优悦信息科技有限公司
454,北京益普索市场咨询有限公司
455,广州华腾实业投资有限公司
456,广东顺心快运有限公司
457,上海绿岸网络科技股份有限公司
458,上海瑞宝重车服务有限公司
459,南宁市艾洛溪建材有限公司
460,上海著鸣网络科技有限公司
461,北京贝瑞和康生物技术有限公司
462,广州市汇尚网络科技有限公司
463,上海瀛之杰企业管理顾问有限公司
464,中国平安人寿保险股份有限公司重庆市江北支公司五里店营业部
465,南京青麦供应链有限公司
466,深圳市客路网络科技有限公司
467,福建恒业影格影院投资管理有限公司
468,中国平安人寿保险股份有限公司湖南分公司
469,中国平安财产保险股份有限公司青岛分公司
470,国久大数据有限公司
471,深圳凹客信息科技有限公司
472,上海润和信息技术服务有限公司
473,四川顺丰速运有限公司
474,湖南高途教育科技有限公司
475,长安新生（深圳）金融投资有限公司
476,逸景营地投资有限公司
477,广州筷子信息科技有限公司
478,青岛东邻虎网络科技有限公司
479,广州旭升源科技有限公司
480,成都易盛融通企业管理咨询有限公司
481,上海相宜本草化妆品股份有限公司
482,广州市广德昌科技有限公司
483,上海讯实网络科技有限公司
484,上海东浩兰生网络科技有限公司
485,北京网络职业学院
486,重庆科辉医药有限公司
487,成都尼毕鲁科技股份有限公司 (tap4fun)
488,广州欣达易通科技有限公司
489,上海奥狮网络科技有限公司
490,深圳市优友互联有限公司
491,友众信业金融信息服务（上海）有限公司西安第一分公司
492,东方海外信息技术开发中心
493,广州易健科技有限公司
494,上海拉夏贝尔服饰股份有限公司
495,上海智赢健康科技有限公司
496,郑州威科姆科技股份有限公司
497,安徽智迈科技股份有限公司
498,深圳高仕达投资有限公司
499,长沙谱蓝网络科技有限公司
500,四川卓越测评咨询有限公司
501,爱尚岗网络科技（上海）有限公司
502,宝胜国际云贵区部
503,上海愉玩信息科技有限公司
504,重庆西西弗文化传播有限公司
505,广州安正软件股份有限公司
506,联洲税务师事务所有限公司
507,浙江领尚美居家居有限公司
508,上海合合信息科技发展有限公司
509,益华集团（沈阳）房地产开发有限公司
510,广东鸿特信息咨询有限公司
511,长沙酷尔科技有限公司
512,山井（深圳）进出口有限公司
513,北京麦圃国际咨询顾问有限公司
514,江西太古可口可乐饮料有限公司
515,上海源慧信息科技股份有限公司
516,深圳市世联土地房地产评估有限公司东莞分公司
517,玛泽咨询（上海）有限公司
518,惠州市万闻科技有限公司
519,五谷磨房食品集团有限公司
520,浙江零跑科技有限公司
521,菲诗小铺（上海）化妆品销售有限公司
522,苏州同舟电子商务有限公司
523,永安行科技股份有限公司
524,成都火龙果科技有限公司
525,安徽省招标集团股份有限公司
526,欧菲姿国际彩妆集团
527,武汉市有余乐科技有限公司
528,济南蓝象数控机械有限公司
529,上海北野投资管理有限公司
530,江西江铃集团新能源汽车有限公司
531,浙江建东伟业医药有限公司
532,杭州东塑信息技术有限公司
533,远成物流股份有限公司
534,上海华谊信息技术有限公司
535,重庆巨越科技有限公司
536,江苏海豚网络科技有限公司
537,上海海万信息科技股份有限公司
538,烟台千和商务信息咨询有限公司
539,上海爱发投资管理有限公司
540,缆信网络有限公司
541,深圳市陆家易企业管理咨询有限公司
542,绿叶制药集团有限公司
543,重庆市比佛利展能企业管理顾问有限公司
544,如斯（深圳）服饰有限公司
545,长沙百智忠晟商务信息咨询有限公司
546,成都六鑫服饰有限责任公司
547,微点（杭州）网络科技有限公司
548,云宠（北京）动物医疗科技有限公司
549,深圳市乐有家控股集团有限公司
550,深圳百丽商贸有限公司惠州分公司
551,长春市火昱网络科技有限公司
552,启德教育集团留学广州分公司
553,华润置地（沈阳）有限公司
554,西安世联投资咨询有限公司
555,翰仕人力资源（上海）有限公司
556,河北正奥医药科技有限公司
557,郑州三友软件科技有限公司
558,上海雪萌网络科技有限公司
559,广州蓝深电子商务有限公司
560,湖南高阳通联信息技术有限公司
561,广东凤翔传说文化传播有限公司
562,上海世一实业有限公司
564,广州禾泽服饰有限公司
565,华扬联众数字技术股份有限公司
566,HIMuomo汉崇
567,上海蔚捷互联网金融信息服务有限公司
568,碧桂园控股商管公司
569,上海新番网络科技有限公司
570,青岛联信商务咨询有限公司
571,上海传镜网络科技有限公司
572,光大证券股份有限公司
573,上海智帛企业管理咨询有限公司
574,北京晶众智慧交通科技股份有限公司
575,杭州玫隆食品有限公司
576,武汉康宁美生物科技有限公司
577,广东一方制药有限公司
578,鲁信睿浩
579,中国太平洋保险（集团）股份有限公司
580,上海甄尚信息技术有限公司
581,北京奥鹏远程教育中心有限公司
582,广州功夫投资控股集团有限公司
583,太平洋人寿保险北京分公司
584,广州市尚画服饰有限公司
585,烟台威兹曼智能信息技术有限公司
586,华为手机营销项目-2018
587,德国西克传感器
588,广州智慧城市研究院
589,伍尔特（中国）有限公司
590,广州昔古服饰有限公司
591,上海数禾信息科技有限公司
592,湖南华威金安企业管理有限公司沈阳分公司
593,长沙旺旺食品有限公司南昌分公司
595,德诚黄金集团有限公司
596,广州市番禺致丰微电器有限公司
597,深圳市城市佳人实业有限公司
598,平安普惠企业管理有限公司重庆分公司
599,三椒口腔健康股份有限公司
600,广州纳诺信息科技有限公司
601,北京无双科技有限公司上海分公司
602,亚士漆（上海）有限公司
603,周生生钻石（广东）有限公司
604,浙江优亿食品有限公司
605,李宁（中国）体育用品有限公司
607,安徽胜利科技发展有限公司
608,多多好车
609,湾流国际青年社区
610,银川仁辉信息科技有限公司
611,鹏鼎控股（深圳）股份有限公司
612,武汉美康源医药有限公司
613,深圳市云之音科技有限公司
614,深圳市亚投在线企业管理咨询有限公司
615,深圳市中电合信科技股份有限公司
616,广州致景信息科技有限公司
618,广州市索典服饰有限公司
619,上海敬庸信息科技有限公司
620,北京睿意德商业股份有限公司
621,昆明小太阳儿童用品有限公司
622,YHOUSE——上海悦会信息科技有限公司
623,广州康臣药业有限公司
624,杭州市民卡有限公司
625,广州容宇生物科技有限公司
626,北京瑞尼尔技术有限公司
627,蜀海（北京）供应链管理有限责任公司
628,杭州秋果服饰有限公司
629,立信（重庆）市场研究股份有限公司
630,无锡闹海房地产咨询服务有限公司
631,海拍客
632,上海游曳网络科技有限公司
633,瑞庭网络技术（上海）有限公司
634,蓝色光标-欧泰谱（CRM营销服务）
635,西数（北京）电子商务有限公司
636,重庆维普资讯有限公司
637,百丽集团
638,广州极数宝数据服务有限公司
639,广州沣鼎实业投资有限公司
640,厦门同步天成软件股份有限公司
641,广州斯飞迩信息咨询有限公司
642,上海吉贝克信息技术有限公司
643,浙江福瑞宏珠宝首饰有限公司
644,青花瓷健康管理有限公司
645,东莞市珠峰信息科技有限公司
646,深圳麦风科技有限公司
647,上海云逐信息技术有限公司
648,北京领医创制咨询顾问有限公司
649,上海慧骋数据科技有限公司
650,湖南盛世欣兴格力贸易有限公司
651,重庆格泰尚恒网络科技有限公司
652,广州松下空调器有限公司
653,易居企业（中国）集团有限公司
654,北京新媒传信科技有限公司
655,广东睿盟计算机科技有限公司
656,昊盈信息技术（成都）有限公司
657,深圳市橙社网络技术有限公司
658,上海巨人网络科技有限公司
659,苏州德融嘉信信用管理技术股份有限公司
660,深圳市博迈技术有限公司
661,武汉爱博泰克生物科技有限公司
662,深圳华策辉弘科技有限公司
663,东莞市中佳房地产开发有限公司
664,辽宁芒果网络股份有限公司
665,艾瑞咨询集团
666,广州图匠数据科技有限公司
667,哔哩哔哩
668,日月光地产
669,陕西星邑空间技术有限公司
670,北京国双科技有限公司
671,南京雪糕网络科技有限公司
672,成都云知学科技有限公司
673,银联智惠信息服务（上海）有限公司
674,上海金互行金融信息服务有限公司
675,大连聚佳信息技术有限公司
676,深圳市美墅信息网络有限公司上海分公司
677,作业盒子
678,杭州衡泰软件有限公司
679,广州奈瑞儿美容科技有限公司
680,ChinaAutoMarket
681,苏州泊友停车管理有限公司
682,苏州复睿电力科技股份有限公司
683,广州市亿健通达大药房连锁有限公司岗顶分公司
684,北京东扬国际投资管理有限公司
685,江苏汇众网络科技有限公司
686,深圳市德科信息技术有限公司
687,广东长隆集团有限公司
688,南京吸引力网络科技有限公司
689,北京云学堂网络科技有限公司
690,美集充实商业管理（重庆）有限公司
691,爱心灰姑娘（北京）国际教育科技有限公司
692,广州禾多云力互联科技有限公司
693,广州叡君服装有限公司
694,四川新港联行置业股份有限公司
695,上海尹禾贸易有限公司（aza女包）
696,华夏人寿保险股份有限公司天津分公司
697,安徽经典市场调查咨询有限公司
698,杭州凯蓝品牌管理有限公司
699,翰林经纬科技（北京）有限公司
701,深圳市铱硙医疗科技有限公司
702,宁波氧车乐汽车服务有限公司
703,广州市金宇服装有限公司
704,深圳新恒泰融资租赁有限公司
705,浙江娅茜品牌管理有限公司
706,成都顶呱呱投资集团有限公司
707,广州广研博峰市场调研有限公司
708,深圳市欣易辰信息科技有限公司
709,广东丹姿集团有限公司
710,深圳汇洁集团股份有限公司
711,Haily (China) International
712,娇兰佳人集团上海分公司
713,昆明联诚科技股份有限公司
714,瑞庭网络技术（上海）有限公司广州分公司
715,瑞庭网络技术（上海）有限公司成都分公司-安居客
716,四川米老头食品工业集团股份有限公司
717,广东都市丽人实业有限公司
718,广东中润医药有限公司
719,连连银通电子支付有限公司
720,Shopal
721,深圳萨摩耶互联网金融服务有限公司
722,NOME诺米
723,广州杰健仪器有限公司
724,深圳市首彩葡萄酒股份有限公司
725,北京格格旗袍有限公司
726,南昌世联置业有限公司
727,广州澳希亚实业有限公司
728,第七感觉百货有限公司
729,西安新势力环保科技有限责任公司
730,佛山市佛盈盘古信息科技有限公司
731,上海玖数软件有限公司
732,上海融铜信息科技有限公司
733,北京搜狗科技发展有限公司
734,杭州高信资产管理有限公司苏州分公司
735,荷马有限公司
736,上海康耐特旗计智能科技集团股份有限公司深圳分公司
737,南昌龙贝莱贸易有限公司
738,广东智源信息技术有限公司
739,深圳市雅棉居品数据股份有限公司
740,上海天律信息技术有限公司
741,厦门英智长城文化传播有限公司
742,好车酷酷二手车经纪（天津）有限公司
743,浙江夕尔网络科技有限公司
744,天津博和利统计大数据有限公司
745,北京飞利信科技股份有限公司
746,中移在线服务有限公司
747,上海红星美凯龙住建集采商贸有限公司
748,厦门金龙旅行车有限公司
749,深圳市才智中南人力资源有限公司
750,武汉简图信息科技有限公司
751,大连博创人力资源开发有限公司
752,北京泽奥科技发展有限公司
753,同方赛威讯信息技术有限公司
754,上海禹婉网络科技有限公司
755,北京华电通达科技有限公司
756,深圳和数软件有限公司
757,广东集成数据有限公司
758,品渥食品有限公司（北京品利&品利上海&魁春）
759,以纯集团电子商务总部
760,普强信息技术（北京）有限公司
761,上海双鹿上菱企业集团有限公司
762,维格娜丝时装股份有限公司
763,深圳市华鹏鑫商贸有限公司
764,上海阙天商务信息咨询有限公司
765,北京海天装饰集团
766,成都中联信息产业有限公司
767,生工生物工程（上海）股份有限公司
768,武汉折品牌信息技术有限公司
769,南京匠艺钟表有限公司
770,上海丽兹行-SH06
771,深圳市明德盛世教育科技有限公司
772,广州优思达数据分析技术有限公司
773,广州优思达数据分析技术有限公司
774,广州优思达数据分析技术有限公司
775,广州优思达数据分析技术有限公司
776,广州优思达数据分析技术有限公司
777,广州优思达数据分析技术有限公司
778,广州优思达数据分析技术有限公司
779,广州优思达数据分析技术有限公司
780,广州优思达数据分析技术有限公司
781,广州优思达数据分析技术有限公司
782,广州优思达数据分析技术有限公司
783,广州优思达数据分析技术有限公司
784,广州优思达数据分析技术有限公司
785,广州优思达数据分析技术有限公司
786,广州优思达数据分析技术有限公司
787,广州优思达数据分析技术有限公司
788,广州优思达数据分析技术有限公司
789,广州优思达数据分析技术有限公司
790,广州优思达数据分析技术有限公司
791,广州优思达数据分析技术有限公司
792,乐刷科技有限公司
793,深圳市银燕时装有限公司
794,哦加哦网络科技（上海）有限公司
795,上海联蔚信息科技有限公司
796,锥能机器人（上海）有限公司
797,百度贵阳营销服务中心
798,重庆商勤科技有限公司
799,上海妙尺商贸有限公司
800,山东必普电子商务股份有限公司
801,沈阳中光电子有限公司
802,上海安捷力信息系统有限公司
803,巴乐兔-快乐租房
804,杭州基石信息咨询服务有限公司
805,北京互联企信信息技术有限公司
806,小黄狗环保科技有限公司
807,北京麦康集团
809,上海凯拿资产管理有限公司
810,杭州煎饼网络技术有限公司
811,广州彩尚贸易有限公司
812,上海金大师互联网金融信息服务有限公司
813,北京唯贤营销科技有限公司
814,中企动力科技股份有限公司
815,中非电子商务有限公司
816,重庆链家房地产经纪有限公司
817,广州伟创汽车租赁有限公司
818,哈尔滨汉仑科技发展有限公司
819,谷雨护肤品有限公司
820,广州嘉检医学检测有限公司
821,黑龙江鑫联华信息股份有限公司
822,宁波邻家网络科技有限公司
823,上海倍谙基生物科技有限公司
824,德威国际货运代理（上海）有限公司
825,普益财富
826,成都米粒乐享人力资源管理有限公司
827,杭州掌维科技有限公司
828,UT斯达康（中国）股份有限公司
829,北京先进数通信息技术股份公司
830,麒麟合盛网络技术股份有限公司
831,宁德新能源科技有限公司
833,南京领添信息技术有限公司广州分公司
834,长沙湘钢梅塞尔气体产品有限公司
835,广州思迈特软件有限公司
836,重庆易耀通科技股份有限公司
837,深圳易可达科技有限公司
838,中广电传媒有限公司
839,G-III Apparel Group
840,北京斯普林格医学研究院
841,茂业商业股份有限公司
842,上海葡萄纬度科技有限公司
843,深圳罗马仕科技有限公司
844,中投中财基金管理有限公司
845,杭州湖滨银泰in77
846,云南华方工业大麻有限公司
847,深圳市麦谷科技有限公司
848,武汉雕龙医疗数据服务股份有限公司
849,特力屋（上海）商贸有限公司
850,上海市民信箱信息服务有限公司
851,北京金美仕贸易有限公司
852,广东中标数据科技股份有限公司
853,景星网络科技（北京）有限公司
854,浙江之信控股集团有限公司
855,上海隆耀网络科技有限公司
856,大连以为科技有限公司
857,中创三优（北京）科技有限公司
858,上海志行合力网络技术有限公司
859,360健康
860,杭州声讯网络科技有限公司
862,河南宝视达眼镜（连锁）有限公司
863,上海骑呗信息技术有限公司
865,重庆易极付科技有限公司
866,上海星融汽车科技有限公司
867,深圳荷包金融信息咨询有限公司
868,软视视频软件（杭州）有限公司
869,河南王牌企划有限公司
870,北京汇风集雅商贸有限责任公司
871,广州市华好日用品有限公司
872,广州市喜燃能源有限公司
873,潍坊森达美港有限公司
874,游仁堂（上海）
875,杭州逸曜信息技术有限公司
876,湖南阳光中诚网络技术有限公司
877,成都哆可梦网络科技有限公司广州分公司
878,重庆华润置地发展有限公司
879,鲲跃体育用品（361度广东总代理）
880,康美药业股份有限公司
881,上海宽睿信息科技有限责任公司
882,安徽思教教育科技有限公司
883,杭州火奴电子商务有限公司
884,北京中经惠众科技有限公司
885,银联商务股份有限公司
886,杭州贝萌电子商务有限公司
887,深圳市瑞昌汇科技有限公司
888,昆山能脉信息科技有限公司
889,上海库润信息技术有限公司
890,深圳市海利轩科技有限公司
891,瑞庭网络技术（上海）有限公司
892,上海游讯信息科技有限公司
893,云南锦苑花卉产业股份有限公司
894,昆明链策房地产经纪有限公司
895,上海蓬海涞讯数据技术有限公司
896,广东高捷航运物流有限公司
897,上海易恒健康生物科技有限公司
898,太平洋网络
899,深圳市保利物业管理集团有限公司
900,深圳市万邑通信息科技有限公司
901,昆山龙博信息科技有限公司
902,广东博宏药业有限公司
903,深圳市创梦天地科技有限公司
904,锦江区秋野原服饰店
905,润雅信息技术（上海）有限公司
906,上海吴卓资产管理有限公司
907,乖宝宠物食品集团有限责任公司
908,广州神灯商务服务有限公司
909,上海维音信息技术股份有限公司广州分公司
910,比亚迪股份有限公司
911,上海曌扬汽车服务有限公司
912,仟吉集团总部
913,浙江久晟油茶科技股份有限公司
914,合肥斌能信息科技有限公司
915,上海郑隆汽车（集团）有限公司
916,杭州宸帆电子商务有限责任公司
917,360金融
918,成都传不科技有限公司
919,百丽集团体育事业总部
920,赛科工业科技开发（武汉）有限公司上海分公司
921,南京海草未来网络科技有限公司
922,杭州信雅达风险管理信息技术有限公司
923,上海瑞阙文化发展有限公司
924,美库尔商务信息咨询有限公司
925,上海亮锋物流有限公司
926,湖南天和运筹电子商务有限公司
927,北京奇客创想科技股份有限公司
928,上海玩童会信息科技有限公司
929,武汉聚亿媒网络科技有限公司
930,上海驰尊电子商务有限公司
931,健升路宝国际控股有限公司
932,广州市嵘艺工艺品有限公司
933,武汉百捷集团信息科技股份有限公司
934,本来生活（华南分公司）
935,深圳市万普拉斯科技有限公司
936,深圳市宜保通保险销售有限公司
937,北京联龙博通电子商务技术有限公司
938,景峰医药
939,UR
940,杭州集酷信息技术有限公司
941,享换机
942,深圳市博奥特科技有限公司
943,成都力比科技有限公司
944,青木数字技术股份有限公司
945,重庆方嘉房地产咨询有限公司
946,华夏信财股权投资管理有限公司
947,广东艾希兰品牌管理有限公司
948,成都摩奇卡卡科技有限责任公司
949,链家总部
950,上海铠寻信息科技有限公司
951,广东瑞美药业有限公司
952,数谱（上海）生物科技有限公司
953,广州市漫灵软件有限公司
954,广州市汇尚网络科技有限公司
955,百互润贸易（上海）有限公司
956,云南微加经济信息咨询有限公司
957,广州市硅愉科技有限公司
958,融投世界科技有限公司沈阳分公司
959,瑞庭网络技术（上海）有限公司深圳分公司
960,上海催米网络科技有限公司
961,中国婚博会
962,鑫茂荣信投资管理（北京）有限公司
963,爱士多（广州）电子科技发展有限公司
964,上海宝供公路快运有限公司
965,广东韵为大数据技术咨询有限公司
966,武汉市追忆那年网络科技有限公司
967,李锦记（中国）销售有限公司
968,塔塔信息技术（中国）股份有限公司
970,北京银河聚阵网络技术有限公司
971,重庆铭新汇耀房产经纪有限公司
972,深圳市赢众通金融信息服务有限责任公司
973,宁波云畅软件科技有限公司
974,中投视讯文化传媒（上海）有限公司
975,深圳市图谱链网络科技有限公司
976,上海艾融软件股份有限公司
977,杭州远眺科技有限公司
978,云康健康产业集团有限公司
979,上海商有网络科技有限公司
980,创络（上海）数据科技有限公司
981,上海艾的商务咨询有限公司
982,平安普惠企业管理有限公司江西分公司
983,广州泰迪智能科技有限公司
984,杭州旺旺食品有限公司分公司
985,广州趣丸网络科技有限公司
986,四川铭维医药有限公司
987,第道南京信息技术有限公司
988,大连众卓云科技服务有限公司
989,上海喜宝供应链管理有限公司
990,福建省三福百货有限公司
991,货车帮
992,河北耀辰环保科技有限公司
993,中国平安人寿保险股份有限公司佛山中心支公司
994,广州云湾信息技术有限公司
995,杭州博彦信息技术有限公司
996,重庆森鑫炬科技有限公司
997,好大夫在线
998,武汉安天信息技术有限责任公司
999,深圳前海大数金融服务有限公司
1000,北京联斯达医药科技发展有限公司
1001,厦门市巨龙信息科技有限公司
1002,浙江绿森信息科技集团有限公司
1003,真维斯服饰(中国)有限公司
1004,广州市佩升前研市场信息咨询股份有限公司
1005,上海星红桉数据科技有限公司
1006,四川天使之翼餐饮管理有限公司高新区第一分公司
1007,深圳市森广源实业发展有限公司
1008,中国科学院广州生物医药与健康研究院
1009,上海程胜环保科技有限公司
1010,上海立翱信息科技服务中心
1011,上海百业并购信息技术股份有限公司
1012,上海水象网络科技有限公司
1013,上海汉泽实业有限公司
1014,广州数驰信息科技有限公司
1015,北京麦格天渱科技发展有限公司
1016,杭州汇友化工有限公司
1017,武汉微思敦网络技术有限公司
1018,上海阅维信息科技有限公司
1019,北京微创时代广告有限公司
1020,广州迅钻信息科技有限公司
1021,上海益芯金融信息服务有限公司
1022,沃尔玛（珠海）商业零售有限公司香洲山姆会员商店
1023,杭州耀杰信息技术有限公司
1024,苏州朗动网络科技有限公司
1025,星华隆咨询（上海）有限公司
1026,云南红岭云科技股份有限公司
1027,普塔拉科技（深圳）有限公司
1028,上海倍通数据集团
1029,广州市两棵树网络科技有限公司
1030,深圳市赢时胜信息技术股份有限公司长沙分公司
1031,海豚传媒股份有限公司
1032,武汉火凤凰云计算服务股份有限公司
1033,杭州创金聚乾网络科技有限公司
1034,北京众信佳科技发展有限公司
1035,杭州蒲公英数据科技有限公司
1036,遨森电子商务（中国）有限公司
1037,上海宝原体育用品商贸有限公司广州分公司
1038,上海明析数据科技有限公司
1039,南京途牛科技有限公司
1040,广州市科传计算机科技股份有限公司
1041,上海泰仕达人力资源有限公司
1042,深圳前海跨海侠跨境电子商务有限公司
1043,广州木当网络科技有限公司
1044,上海趣致网络科技股份有限公司
1045,广州华腾实业投资有限公司
1046,上海唯佑信息技术有限公司
1047,英可思（长春）科技有限公司广州分公司
1048,北京麦达数字技术服务有限公司
1049,华信永益（北京）信息技术有限公司
1050,上海产业技术研究院
1051,上海奥腾计算机科技有限公司
1052,上海长园电子材料有限公司
1053,杭州顶真医药科技有限公司
1054,广州市品高软件股份有限公司
1055,上海领健信息技术有限公司
1056,东莞圣幸生物制品销售服务有限公司
1057,索非亚衣柜
1058,圣元国际集团
1059,深圳普惠快信金融服务有限公司
1060,上海祥隆电子商务有限公司
1061,广州中味餐饮服务有限公司
1062,上海佳奥贸易有限公司
1063,智慧芽信息科技（苏州）有限公司
1064,浙江华润三九众益制药有限公司
1065,杭州八匹马新能源汽车有限公司
1066,成都咪宅奇林文化传播有限公司
1067,香港卡连弗国际有限公司
1068,美利金融
1069,玛伊娅服饰（上海）有限公司
1070,上海方心健康科技发展股份有限公司
1071,广州国交润万交通信息有限公司
1072,上海典星信息科技有限公司
1073,上海前滩新兴产业研究院
1074,上海第一财经数据科技有限公司
1075,Veeva Systems Inc
1076,广东现代国际市场研究有限公司
1077,广州泞露文化发展有限公司
1078,广州尚宸企业管理顾问有限公司
1079,杭州玥卓电子商务有限公司
1080,广州奥鹏能源科技有限公司
1081,上海乐赚互联网金融信息服务有限公司
1082,北京汇通天下物联科技有限公司
1083,广州市尚都比拉服装有限公司
1084,LALABOBO
1085,希森美康医用电子（上海）有限公司
1086,中国平安财产保险股份有限公司
1087,新华信（SINOTRUST）
1088,宁波美昂龙商业管理有限公司
1089,上海艾杰飞人力资源有限公司
1090,上海南燕信息技术有限公司
1091,深圳市辉鹏服饰有限公司
1092,上海复硕正态企业管理咨询有限公司
1093,欧陆检测技术（深圳）有限公司
1094,杭州西线教育科技有限公司
1095,深圳市小蚱蜢科技有限公司
1096,深圳市全渠道信息技术有限公司
1097,广州置然房地产顾问有限公司
1098,沃丁信息技术（深圳）有限公司
1099,MINIHOME米尼家居
1100,上海首图信息科技有限公司
1101,上海挚品互联网科技有限公司
1102,上海默哲实业有限公司
1103,深圳顶莲普惠创新有限公司
1104,余维（上海）科技有限公司
1105,崇盈(上海)信息技术有限公司
1106,亿启（杭州）网络科技有限公司
1107,广州银行信用卡中心
1108,上海弘洋投资有限公司
1109,福州市仓山区来旺兄弟信息技术有限公司
1110,北京一撕得物流技术有限公司
1111,北京美至网络科技有限公司
1112,深圳市享宇金融服务有限公司
1113,上海途友实业有限公司
1114,武汉金豆医疗数据科技有限公司
1115,启东德汇网络科技有限公司
1116,朗姿股份有限公司
1117,云南心景康养旅游集团有限公司
1118,深圳鼎付信息技术有限公司
1119,乐至（上海）科技有限公司
1120,苏州大禹网络科技有限公司
1121,上海秒优供应链管理有限公司
1122,深圳市赛瑞产业研究有限公司
1123,深圳市优阅达数据科技有限公司
1124,深圳市润丰数码技术有限公司
1125,浙江奥康鞋业股份有限公司
1126,北京蓝色光标电子商务股份有限公司
1127,珂尼蒂思服饰（深圳）有限公司
1128,广州市安发网络科技有限公司
1129,三盈（广州）首饰有限公司
1130,悸动（上海）餐饮管理有限公司
1131,悠桦林信息科技（上海）有限公司
1132,北京恒泰实达科技股份有限公司
1133,深圳德聚企业管理咨询有限公司
1134,仲景宛西制药股份有限公司
1135,深圳市康拓普信息技术有限公司
1136,流量海科技成都有限公司
1137,上海哥瑞利软件有限公司
1138,上海道生智企业管理顾问有限公司
1139,恩斯迈电子（深圳）有限公司
1140,瑞庭网络技术（上海）有限公司北京分公司
1141,湖北酷我乳业股份有限公司
1142,北京云宏信达信息科技有限公司
1143,江苏康众汽配有限公司
1144,上海宝尊电子商务有限公司
1145,北京每日优鲜便利购电子商务有限公司
1146,深圳国开创新科技有限公司
1147,上海华民国际旅行社有限公司
1148,深圳润步贸易有限公司
1149,上海伊纳思贸易有限公司
1150,南京英诺森软件科技有限公司
1151,广东安华美博置业集团有限公司
1152,广东安华美博商业经营管理有限公司
1153,卡西欧（中国）贸易有限公司
1154,浙江远图互联科技股份有限公司
1155,玉晶光电（厦门）有限公司
1156,北京乾乾求学科技有限公司
1157,杭州炼数科技有限公司
1158,上海钢银电子商务股份有限公司
1159,北京金刚游戏科技股份有限公司
1160,上海幽然实业有限公司
1161,花生金融
1162,杉德支付网络服务发展有限公司
1163,上海方融科技有限责任公司
1164,神州数码系统集成服务有限公司西安分公司
1165,佛山市幼肤丽美美容有限公司
1166,顾家集团有限公司
1167,南京搏睿途电子科技有限公司
1168,好孩子（中国）商贸有限公司
1169,深圳市赢家服饰有限公司
1170,宁波中哲文墨电子商务有限公司
1171,同程艺龙
1172,上海前隆信息科技有限公司
1173,宁波豪雅进出口集团有限公司
1174,迅付信息科技有限公司
1175,赫基集团－TRENDIANO事业部
1176,健康之路(中国)信息技术有限公司
1177,深圳市卓立教育科技有限公司
1178,成都天佑路航轨道交通科技有限公司
1179,武汉东风鸿泰商务咨询有限公司
1180,广东凌云志集团
1181,上海数迭信息科技有限公司
1182,上海金桥信息股份有限公司
1183,北京极速飞翔体育用品有限公司
1184,孤岛（上海）软件有限公司
1185,中电科新型智慧城市研究院有限公司
1186,长沙龙马管理咨询有限公司
1188,上海添锡信息技术有限公司
1189,IBM China
1190,佛山市顺德区顺达电脑厂有限公司
1191,驾图信科技有限公司
1192,济南市历下区欢欢少儿艺术培训学校
1193,网思科技有限公司
1194,上海砺学信息科技有限公司
1195,动景集团
1196,魔橙互联（北京）科技有限公司广州分公司
1197,律正投资管理（上海）有限公司
1198,上海黄豆网络科技有限公司
1199,时代嘉道企业机构
1200,湖北竞速商贸有限公司
1201,南京欣越动体育用品有限公司
1202,上海项腾信息技术有限公司
1203,上海画龙信息科技有限公司
1204,深圳启航创富互联网金融服务有限公司
1205,上海郁金香广告传媒有限公司
1206,海鸿达（北京）餐饮管理有限公司
1207,四川海底捞餐饮股份有限公司
1208,百度（成都）地区服务中心
1209,重庆广睿达科技有限公司
1210,北京新赛点体育投资股份有限公司上海分公司
1211,北京恒通博联科技有限公司
1212,南京方橙吾语商贸有限公司
1213,南京同赢体育用品有限公司
1214,深圳数位传媒科技有限公司
1215,一胜百模具技术（上海）有限公司
1216,成都数联易康科技有限公司
1217,重庆商社电子商务有限公司
1218,上海互教教育科技有限公司
1219,重庆秋歌文化传播有限公司
1220,陕西君瀚信息技术有限公司
1221,北京斗米优聘科技发展有限公司
1222,时趣互动（北京）科技有限公司
1223,杭州贝途科技有限公司
1224,上海三零卫士信息安全有限公司
1225,苏州百捷信息科技有限公司
1226,美丽田园医疗健康产业有限公司
1227,杭州伊布都服饰有限公司
1228,孩子王儿童用品股份有限公司
1229,襄阳新东方培训学校
1230,宁波优耐特进出口有限公司
1231,深圳市煜益新统计师事务所有限公司
1232,云南麦考利科技有限公司
1233,广东链动网络科技有限公司
1234,上海市研发公共服务平台管理中心
1235,深圳爱问科技股份有限公司
1236,沈阳远信华通科技有限公司
1237,上海音智达信息技术有限公司
1238,成都市盛裕宏科技有限公司
1239,浙江大东鞋业有限公司
1240,广州讯一佳信息科技有限公司
1241,广州智橙广告有限公司
1242,东莞市糖酒集团美宜佳便利店有限公司
1243,福州三美晨光文具礼品销售有限公司
1244,秘珀（上海）软件科技有限公司
1245,广东万宁连锁商业有限公司
1246,中数通信息有限公司
1247,广东黑网科技股份有限公司
1248,重庆广倍臻科技发展有限公司
1249,新联康（中国）有限公司大连分公司
1250,世纪畅链有限责任公司
1251,武汉房小白信息科技有限公司
1252,豆沙包科技（上海）有限公司
1253,成都天用唯勤科技股份有限公司
1254,广州小朋网络科技有限公司
1255,北京经纬恒润科技有限公司上海分公司
1256,北京比财数据科技有限公司
1257,成都合鑫通网络服务有限责任公司
1258,杭州顺网科技股份有限公司
1259,顺丰速运有限公司
1260,世纪易联（北京）科技有限公司
1261,广东贵人鸟公司
1262,青岛金蔷薇新时代文化传媒有限公司
1263,天津贝壳房地产经纪有限公司
1264,深圳市工务园网络科技有限公司
1265,广州聚泰皮革有限公司
1266,北京凤凰假期国际旅行社股份有限公司
1267,上海嘉韩实业有限公司
1268,东莞沙田丽海纺织印染有限公司
1269,中国外运广东有限公司
1270,时代大数据
1271,上海裸心社企业管理咨询有限公司
1272,北京秃鹫资产管理有限公司
1273,深圳市国盛源商贸有限公司
1274,乌鲁木齐天盛达服饰有限公司
1275,上海加郦品牌管理有限公司
1276,江苏明德玩具股份有限公司
1277,上海古道商务咨询有限公司
1278,上海英跃信息科技有限公司
1279,弘毅明德（北京）教育咨询有限公司
1280,上海凯淳实业股份有限公司
1281,江苏宜居工程质量检测有限公司
1282,广州豹锋网络技术有限公司
1283,广州第吉尔智能系统制造有限公司
1284,成都天普弘盛教育科技有限公司
1285,浙江吉屋智能科技有限公司
1286,宝光实业（国际）有限公司
1287,北京大米未来科技有限公司
1288,上海鱼耀金融信息服务有限公司
1289,上海安路勤企业管理咨询有限公司
1290,宁波日日升体育用品有限公司
1291,河北展源新能源科技有限公司
1292,上海骞余实业有限公司
1293,成都清晨日暮贸易有限公司
1294,北京盛业恒泰投资有限公司
1295,纬创资通（成都）有限公司
1296,斗山（中国）投资有限公司
1297,无锡品铠信息科技有限公司
1298,苏州元苏坤商务信息咨询有限公司
1299,上海康耐特旗计智能科技集团股份有限公司
1300,上海辰德网络科技有限公司
1301,湖北同人传媒有限公司
1302,上海文军信息技术有限公司
1303,吉林省阿满食品有限公司
1304,深圳通联金融网络科技服务有限公司
1305,领星生物科技（上海）有限公司
1306,上海东富龙科技股份有限公司
1307,常熟阿特斯阳光电力科技有限公司
1308,北控医疗健康产业集团有限公司
1309,哈工大大数据（哈尔滨）农林发展有限公司
1310,杭州爱唯服饰有限公司
1311,广州迅普服饰有限公司
1312,红豆集团童装有限公司
1313,苏州伟伦运动休闲用品有限公司上海分公司
1314,和君纵达数据科技有限公司
1315,点击律（上海）网络科技有限公司
1316,广州市羽涵茜服饰有限公司
1317,友众信业金融信息服务（上海）有限公司武汉一分公司
1318,上海欧易生物医学科技有限公司
1319,好人生（上海）健康科技有限公司
1320,广东乐陶陶药业股份有限公司
1321,广州市网创电子商务有限公司
1322,深圳前海壹上电子商务有限公司
1323,依米康冷元节能科技（上海）有限公司
1324,北京光宇在线科技有限责任公司
1325,凹凸共享租车公司
1326,上海零境网络科技有限公司
1327,上海邦芯物联网科技有限公司
1328,广东众图互联网工程设计有限公司
1330,北京新生代市场监测机构有限公司广州分公司
1331,深圳市暴击互动娱乐有限公司
1332,安徽省优质采科技发展有限责任公司
1333,深圳壹尚品牌管理有限公司
1334,广州微世纪传媒有限公司
1335,上海赛福化工发展有限公司
1337,全球生命疗养联合会
1338,南京艾泰萌生物科技有限公司
1339,上海蜀华火锅楼有限公司
1340,深圳京润珍珠控股有限公司
1341,南京金帝尊珠宝有限公司
1342,常州四药制药有限公司
1343,博彦科技承德有限公司
1344,成都易贷网金融信息服务有限公司
1345,佛山市幼肤丽美美容有限公司
1346,安徽燕之坊电子商务有限公司
1347,佛山市迪赛纳科技有限公司
1349,奥理天祥（成都）科技有限公司
1350,君岳医药科技（上海）有限公司
1351,上海范高信息科技有限公司
1353,杭州沃臻贸易有限公司
1354,达内时代科技集团有限公司
1355,杭州味捷品牌管理集团有限公司
1356,湖北国网华中科技开发有限责任公司
1357,广州数说故事信息科技有限公司
1358,浙江新通国际合作有限公司
1359,DeNA
1360,行家商贸（苏州）有限公司杭州分公司
1361,广州市力古广告有限公司
1362,广州市泰奇食品有限公司
1363,湖南高途教育科技有限公司
1364,瑞庭网络技术（上海）有限公司武汉分公司
1365,快乐购物股份有限公司
1366,深圳善为影业股份有限公司
1367,河北臻龙科技有限公司
1368,戴德梁行房地产咨询（上海）有限公司
1369,深圳市红隼资本管理有限公司
1370,北京易飞华通科技开发有限公司
1371,安徽好车到家信息科技有限公司
1373,武汉生命之美科技有限公司
1374,知名互联网上市企业
1375,易视腾科技股份有限公司
1376,北大青鸟武汉宏鹏（鲁广南校区）
1377,丹阳兴洋光学眼镜有限公司重庆分公司
1378,远东宏信有限公司/远东国际租赁有限公司
1379,珠海宣传易网络科技有限公司
1380,深圳市戴瑞珠宝有限公司
1381,成都神鸟数据咨询有限公司
1382,深圳好多银科技有限公司
1383,华润新鸿基房地产（杭州）有限公司
1384,深圳禾略贝塔投资咨询有限公司
1385,浙江南都电源动力股份有限公司
1386,北京中公教育科技股份有限公司黑龙江分公司
1387,厦门尚为科技股份有限公司
1388,成都睿远企业管理咨询有限公司
1389,广州艾托奥服饰有限公司
1391,广州龙玩文创网络科技有限公司
1392,I.T（香港高级品牌服饰连销集团）
1393,广东叁六网络科技有限公司
1394,ABC童装童鞋
1395,丽人丽妆
1396,宁波玛蒂丽尔时尚服饰有限公司
1397,上海众调信息科技有限公司
1398,福建新大陆软件工程有限公司
1399,德赛诊断系统（上海）有限公司
1400,石家庄市智慧产业有限公司
1401,中山康方生物医药有限公司
1402,上海唯都市场营销策划股份有限公司
1403,上海海同信息科技有限公司
1404,上海爱婴室商务服务股份有限公司
1405,优诺（天津）服装有限公司
1406,浙江杰俊品牌管理有限公司
1407,广东海格怡创科技有限公司第三分公司
1408,陕西建工金牛集团股份有限公司
1409,北京微心百源科技发展有限公司
1410,宁夏丝路通网络科技有限公司北京分公司
1411,湖南天然工坊电子商务有限公司
1412,成都鑫亿程科技有限公司
1413,广东富启投资股份有限公司
1414,博彦科技股份有限公司
1415,若宇检具股份有限公司
1416,昆泰企业管理（上海）有限公司
1417,昆泰企业管理（上海）有限公司北京分公司
1418,深圳国泰安数据技术有限公司
1419,上海承维通信技术有限公司
1420,亿康科技信息（上海）有限公司
1421,山东广日电梯有限公司
1422,武汉拓璞旺商贸有限公司
1423,上海育创网络科技股份有限公司
1424,银联智策顾问（上海）有限公司
1425,海默尼药业股份有限公司
1426,四川省爱恋珠宝有限公司
1427,成都阿商信息技术有限公司
1428,FILA中国
1429,南京吉好科技有限公司
1430,上海广微投资有限公司
1431,浪潮世科有限公司
1432,广州杰硕电子贸易有限公司
1433,亿滋食品企业管理（上海）有限公司
1434,深圳市中天安驰有限责任公司
1435,上海超爱才金融信息服务有限公司
1436,上海聚力传媒技术有限公司 PPTV网络电视
1437,量子数聚（北京）科技有限公司
1438,上海贝肤泉化妆品有限公司
1439,上海聚杰信息技术有限公司
1440,广东京信软件科技有限公司
1441,广州友买友卖网络科技有限公司
1442,广州贝壳科技服务有限公司
1443,重庆华龙网集团股份有限公司
1444,杭州壹网壹创科技股份有限公司
1445,广东隆信劳务服务有限公司
1446,南通榕羽商务信息咨询有限公司
1447,恩识医疗科技（上海）有限公司
1448,云南腾云信息产业有限公司
1449,广州派喜利来电子商务有限公司
1450,乔丹体育安徽分公司
1451,安徽水务信息技术有限公司
1452,内蒙古康恩贝药业有限公司圣龙分公司
1453,上海中智项目外包咨询服务有限公司
1454,昆明盼宝汽车租赁有限公司
1455,尼尔森网联媒介数据服务有限公司北京分公司
1456,宁波唐狮网络科技有限公司
1457,南京爱唯光石信息技术有限公司
1458,深圳市金友鑫科技有限公司
1459,广州市萌芊芊服饰有限公司
1460,众一阿美科福斯特惠勒工程有限公司
1461,上海时年信息科技有限公司
1462,北京世纪明德教育科技股份有限公司
1463,黑龙江未名天人制药有限公司
1464,晨星资讯（深圳）有限公司
1465,康迪电动汽车集团有限公司
1466,宜兴市易坤信息咨询有限公司
1467,广州舜飞信息科技有限公司
1468,武汉汉思信息技术有限责任公司
1469,深圳市友联创科技有限公司
1470,南京边城体育用品股份有限公司
1471,上海阳杰汽配有限公司
1472,上海旺旺商贸有限公司南宁分公司
1473,杭州增熠贸易有限公司
1474,美团点评
1475,美团点评
1476,福州扬腾网络科技有限公司
1477,南京沣力服饰有限公司
1478,朗盛化学（中国）有限公司
1479,广州中国科学院软件应用技术研究所
1480,深圳市中鹏教育科技股份有限公司
1481,拓天伟业（北京）资产管理有限公司
1482,河北燕雀信息科技有限公司
1483,深圳市美博电子商务有限公司
1484,浙江盘石信息技术股份有限公司
1485,上海烈冰生物医药科技有限公司
1486,龙信数据（北京）有限公司
1487,深圳自如友家资产管理有限公司
1488,上海昊硕企业管理咨询有限公司
1489,海虹医药电子交易中心有限公司江苏分公司
1490,宁波鄞州硕学教育培训学校
1491,尤益嘉(上海)食品商贸有限公司
1492,中软国际科技服务有限公司
1493,上海星杰装饰有限公司南京分公司
1494,成都优彼志愿教育咨询有限公司
1495,广州易幻网络科技有限公司
1496,京北方信息技术股份有限公司
1497,嘉诺恒盛（北京）教育科技有限公司
1498,瑞幸咖啡（中国）有限公司
1499,缤果盒子
1500,怡和科技（上海）有限公司
1501,四海电子（昆山）有限公司
1502,北京易微管理咨询有限公司
1503,上海墨印餐饮管理有限公司
1504,江苏云学堂网络科技有限公司
1505,广州海晟科技有限公司
1506,广东世纪晓教育科技有限公司
1507,海南讯海科技有限公司
1508,上海道顺鞋业有限公司
1509,杭州德体商贸有限公司
1510,盛奈捷国际
1511,宝能百货零售有限公司
1512,武汉企校通人力资源顾问股份公司
1513,广州左一贸易有限公司
1514,崇邦新基（上海）企业管理咨询有限公司
1515,振德医疗用品股份有限公司
1516,国药控股创服医疗技术（上海）有限公司
1517,广东和新科技有限公司
1518,上海华侨城投资发展有限公司
1519,苏州新代数控设备有限公司
1520,山大地纬软件股份有限公司
1521,上海索菲玛汽车滤清器有限公司
1522,上海源耀生物股份有限公司
1523,湖南光合作用商贸有限公司深圳分公司
1524,上海易果电子商务有限公司
1525,上海立羿贸易有限公司
1526,司能石油化工有限公司
1527,广州九龙维记牛奶有限公司
1528,上海黑湖网络科技有限公司
1529,广州夏晖物流有限公司深圳分公司
1530,美考伯医药信息咨询服务（上海）有限公司
1531,紫光云数科技有限公司
1532,盟拓软件（苏州）有限公司
1533,恭喜发车
1534,广东乐数信息科技有限公司
1535,北京外企人力资源服务青岛有限公司
1536,豪康（泉州）金融借贷服务平台有限公司
1537,重庆维乐口腔医院管理有限公司
1538,首汽租赁有限责任公司
1539,上海美华系统有限公司
1540,深圳光汇石油集团股份有限公司
1541,深圳光汇石油海运集团有限公司
1542,重庆民贤餐饮管理有限公司
1543,中电福富信息科技有限公司
1544,法思诺（上海）贸易有限公司
1545,广州一一网络技术有限公司
1546,上海恒封密封制品有限公司
1547,上海微食信息科技有限公司
1548,上海弗利信息技术有限公司
1549,福建欧亚供应链有限责任公司
1551,岩脉（上海）网络科技有限公司
1552,唯品会（中国）有限公司
1553,上海千熠信息科技有限公司
1554,上海火溶信息科技有限公司
1555,聚思鸿信息技术服务Concentrix
1556,广州泉腾信息科技有限公司
1557,杭州乐讯品牌管理有限公司
1558,云南茂通汽车销售服务有限公司
1559,北京人和创建信息技术有限公司
1560,远威润德（武汉）网络科技有限公司
1561,吉林省聚亨教育科技有限公司
1562,广州市千佰莉鞋业有限公司
1563,上海容大教育培训有限公司
1564,四川厚名网络科技有限公司
1565,广州鹏誉商务服务有限公司深圳分公司
1566,格林美（天津）城市矿产循环产业发展有限公司
1567,深圳市规划国土房产信息中心（深圳市空间地理信息中心）
1568,米兰网有限公司
1569,上海逸尚云联信息技术股份有限公司
1570,瞬联软件科技（北京）有限公司 CIeNET Technologies
1571,万宝盛华企业管理咨询（上海）有限公司
1572,广东兆丰恒业黄金有限公司
1574,北京互联立方技术服务有限公司
1575,睿颐国际贸易（上海）有限公司
1576,杭州米络星科技有限公司
1577,江苏南大五维电子科技有限公司
1578,UC湖北营销中心
1579,广州美芝澳化妆品有限公司
1580,意大利ZOTENO（左天奴）集团
1581,广东弘贝融科信息科技有限公司
1582,广州锦行网络科技有限公司
1583,广州佰聆数据股份有限公司
1584,宁波杉工智能安全科技股份有限公司
1585,斯凯奇贸易（上海）有限公司
1586,百度湖北营销服务中心
1587,山东泰盈科技有限公司
1588,上海锐力健身装备有限公司
1589,浙江鸿程计算机系统有限公司
1590,广东盛迪嘉集团有限公司
1591,南京汇银迅信息技术有限公司
1592,联讯证券股份有限公司
1593,广东沙驰皮具发展有限公司
1594,重庆奥理科技有限公司成都分公司
1595,深圳市万商联购信息科技有限公司
1596,上海恒奕和创营销策划有限公司
1597,锐锢商城
1598,河南宝儿电子商务有限公司
1599,通联商务服务有限公司
1600,上海秦苍信息科技有限公司
1601,北京恒美广告有限公司上海分公司
1602,杭州览众数据科技有限公司
1603,北京西斯互动广告有限公司
1604,无锡链家房地产经纪有限公司
1605,上海青客公共租赁住房租赁经营管理股份有限公司
1606,合肥庐阳区豪维网络科技信息咨询服务部
1607,深圳链家房地产经纪有限公司
1608,广州尚微浩商贸有限公司
1609,广州福利汇网络科技有限公司
1610,上海飞鱼秀实业有限公司
1611,沈阳万嘉富盛科技有限公司
1612,饿了么
1613,门客（杭州）网络科技有限公司
1614,深圳玛丝菲尔时装股份有限公司
1615,江苏苏海智能科技有限公司南京分公司
1616,广东医柜智能科技有限公司
1617,郑州航邦网络科技有限公司
1618,好未来教育（原学而思教育)
1619,广州市朵以服饰有限公司
1620,阿迪达斯体育（中国）有限公司上海分公司
1621,北京动因体育科技有限公司
1622,陕西微迅信息技术有限公司
1623,电讯盈科企业方案
1624,利丰采购管理（深圳）有限公司番禺分公司
1625,罗莱家纺股份有限公司
1626,罗莱生活科技股份有限公司
1627,藤门国际教育科技（北京）有限公司
1628,广州要玩娱乐网络技术股份有限公司
1629,上海亦盛文化传媒有限公司
1630,中国平安人寿保险股份有限公司重庆市江北支公司五里店营业部
1631,武汉国友科技有限公司
1632,广州沣鼎实业投资有限公司
1633,连云港家得福商贸有限公司
1634,北京敏捷艾科数据技术有限公司
1635,郑州东之坤商贸有限公司
1636,河南博锐网络科技有限公司
1637,北京万向卓迹商贸有限公司
1638,华壹信融投资管理（北京）有限责任公司
1639,广州华腾实业投资有限公司
1640,杭州美优美科技有限公司
1641,中国平安人寿保险股份有限公司重庆市江北支公司五里店营业部
1642,广州零点互动网络科技有限公司
1643,上海西缇河化妆品有限公司
1644,北京科莱特信息技术有限公司合肥分公司
1645,广州市合众实业投资有限公司
1646,中国平安人寿保险股份有限公司重庆市江北支公司五里店营业部
1647,广州泰俊实业投资有限公司
1648,宁波渠成集团有限公司
1649,北京万向卓迹商贸有限公司
1650,郑州安港网络科技有限公司
1651,广州沣鼎实业投资有限公司
1652,广州市合众实业投资有限公司
1653,北京万向卓迹商贸有限公司
1654,深圳索信达数据技术股份有限公司
1655,深圳市光明新区发展和财政局
1656,深圳市前海弘程游戏有限公司
1657,北京先通国际医药科技股份有限公司
1658,济南华天新光商贸有限公司
1659,上海信诺佰世医学检验有限公司
1660,上海翰鑫信息科技有限公司
1661,欧宝远东服饰（深圳）有限公司
1662,北京众信优联科技有限公司成都第一分公司
1663,上海华泛信息服务有限公司
1664,广州小迈网络科技有限公司
1665,上海前景传媒股份有限公司
1667,深圳市欣天雅包装有限公司
1668,厦门市欧一坊服饰有限公司
1669,晶能生物技术（上海）有限公司
1670,苏宁易购集团股份有限公司
1671,广州勤钻网络科技有限公司
1672,广州创必承信息科技有限公司
1673,上海千欣仪器有限公司
1674,菲滋河（上海）食品有限公司
1675,广州市柏特科技有限公司
1676,数云信息技术（上海）有限公司
1677,成都迈锐特信息技术有限公司
1678,四川中原物业顾问有限公司
1680,广州市诚美涂饰工程有限公司
1681,广东联通通信建设有限公司
1682,深圳市汇合发展有限公司
1683,花生好车
1685,武汉佰钧成技术有限责任公司
1688,杭州上山下乡网络科技有限公司
1690,上海汇伦生命科技有限公司
1691,湖北大翔药业有限公司
1692,上海深擎信息科技有限公司
1693,圆通速递有限公司
1694,广州市云润大数据服务有限公司
1695,深圳投哪金融服务有限公司
1696,江苏云脑数据科技有限公司
1697,江苏长江医药有限公司
1698,上海中科新生命生物科技有限公司
1699,信用飞/首付游
1700,上海腾程医学科技信息有限公司
1701,北京信永方略管理咨询有限责任公司
1702,广东南方新媒体股份有限公司
1704,广州市壹吾叁商贸有限公司
1705,亿翰智库
1706,上海数久信息科技有限公司
1707,南京森根科技发展有限公司
1708,挚享科技（上海）有限公司
1710,广州餐道信息科技有限公司
1711,浙江齐聚科技有限公司（原呱呱视频）
1712,上海航天能源股份有限公司
1713,上海迪亚零售有限公司
1714,康美华大基因技术有限公司
1715,上海自如资产管理有限公司
1716,上海亿通国际股份有限公司
1717,上海联和金融信息服务有限公司
1718,南京高泰科技有限公司
1719,苏州伟伦运动休闲用品有限公司
1720,湖北农信互联信息技术有限公司
1721,张家港智能电力研究院有限公司
1722,上海雪山金融信息服务有限公司
1723,深圳市前海泰丰融通金融服务有限公司
1724,达能乳业（上海）有限公司
1725,广州中赢实业投资有限公司
1726,四川汇达通科技有限公司
1727,斑马智能网络科技（广州）有限公司
1728,睿思商业智能（深圳）有限公司
1729,深圳影儿时尚集团有限公司
1730,中国平安财产保险股份有限公司江西分公司
1731,上海括博科技有限公司
1732,成都鼎宇科技有限公司
1733,上海聚水潭华北分部
1734,北京清果金融信息服务有限公司
1735,荣庆物流供应链有限公司
1736,湖南怀仁大健康产业发展有限公司
1737,富士康科技集团富连网
1738,杭州神中科技有限公司
1739,医惠科技有限公司
1740,山西华兴江创商贸有限公司
1741,陕西松毅软件开发有限公司
1742,上海孚厘金融信息服务有限公司
1743,深圳市嘉鸿网络科技有限公司
1744,北京数起科技有限公司
1746,华院分析技术（上海）有限公司
1747,华强方特文化科技集团股份有限公司
1748,数海信息技术有限公司
1749,上海畹町时尚生活用品有限公司
1750,新智认知数据服务有限公司
1751,宁波萌牙电子商务有限公司
1752,深圳米佳乐文化传媒有限公司
1753,中国平安人寿保险股份有限公司吉林分公司
1754,百联集团有限公司
1755,JD京东商城
1756,苏州微浪科技股份有限公司
1757,中国海外控股集团有限公司
1758,成都兴东商贸有限公司
1759,北京斯利安药业有限公司
1760,问向教育科技(上海)有限公司
1761,广汽新能源汽车有限公司
1762,北京中广格兰信息科技有限公司
1763,北京易盟天地信息技术股份有限公司
1764,杭州朗闻时装有限公司
1765,江苏苏博生物医学股份有限公司
1766,易联汇华（北京）科技有限公司
1767,深圳顶呱呱企业管理有限公司
1768,百丽新零售
1769,四川中丹合创环保科技有限公司
1770,创颖峻网络科技（深圳）有限公司
1771,杭州中赛实业有限公司
1772,大族环球科技股份有限公司
1773,平安普惠企业管理有限公司辽宁分公司
1774,SGS通标标准技术服务有限公司苏州分公司
1777,杭州亚信云信息科技有限公司
1778,亚信科技（中国）有限公司
1780,中外运-敦豪(DHL-Sinotrans)
1781,绫致时装（天津）有限公司
1782,吉利集团（信息工程中心）
1783,吉利集团（国内销售公司）
1785,吉利集团（总部）
1786,中信银行信用卡中心
1789,长安福特汽车有限公司
1790,平安科技（深圳）有限公司
1791,完美世界（上海）/完美时空
1792,完美世界（北京）总部/完美时空
1793,完美世界（北京）总部/完美时空
1794,宜信普诚信用管理（北京）有限公司
1795,宜信卓越财富投资管理（北京）有限公司
1796,长春力凡景创科技有限公司
1797,企事通集团有限公司
1798,长春力凡景创科技有限公司
1799,福建国通星驿网络科技有限公司
1800,北京捷报数据技术有限公司
1801,青岛中农现代农业发展有限公司
1802,北京越铖国际科技有限公司
1803,广州中赢实业投资有限公司
1804,吉林腾方信息技术有限公司
1805,长元（上海）信息科技有限公司
1806,宁波萌恒服装辅料有限公司
1807,武汉亚洲心脏病医院
1808,中山奥纳斯服装有限公司
1809,武汉市天贝科技有限公司
1810,北京京峰昌盛食品有限公司
1811,厦门强力巨彩光电科技有限公司
1812,北京万向联合控股集团有限公司
1813,喜临门家具股份有限公司
1814,中山市中智药业集团有限公司
1815,昆明雅宝丽饰品有限公司
1816,苏州优构思商贸有限公司
1817,新华教育集团
1818,上海食亨实业发展有限公司
1819,深圳市卓越方达科技有限公司
1820,上海竹棠贸易有限公司
1821,杭州识度科技有限公司
1822,广州市沃芙网络科技有限公司
1823,美宜佳（福建）便利店有限公司
1824,北京麦吉斯通电子商务有限公司
1825,MAX TECH
1826,北京博华物流有限公司
1827,深圳市瑞德联合科技有限公司
1828,北京美加百利咨询有限公司
1829,华壹信融投资管理（北京）有限责任公司
1830,深圳市小草互联网金融服务有限公司
1831,湖南瓯利德百货有限公司
1832,飞驰镁物（北京）信息服务有限公司上海分公司
1833,苏州智优伯讯信息科技有限公司
1834,安徽思诺威文化传媒有限公司
1835,苏州阿特斯阳光能源科技有限公司
1836,佛山市完美轩家具有限公司
1837,江苏华鸿德科技发展有限公司
1838,上海精锐教育培训有限公司
1839,杭州海崖科技有限公司
1840,艾尼斯控股有限公司
1841,济南仁爱贸易有限公司
1842,广州艾沐服饰有限公司
1843,大连沃兹跨境电子商务有限公司
1844,广东电上店下网络技术有限公司
1845,沈阳丰业通科技有限公司
1846,深圳市易思博酷客科技有限公司
1847,易宝（北京）信息技术有限公司深圳分公司
1848,广州市索萨服饰有限公司
1849,苏州吉玛基因股份有限公司
1850,湖北周黑鸭企业发展有限公司
1851,西安数之元网络科技有限公司
1852,深圳市恒达世纪科技有限公司
1853,广州中赢财富信息科技有限公司
1854,北京明月软件技术有限公司
1855,福建网龙计算机网络信息技术有限公司
1856,北京全顺辅科贸有限公司
1857,虎彩印艺股份有限公司
1858,深圳市亚洲眼镜光学科技有限公司
1859,广州速道信息科技有限公司
1860,沈阳链家高策房地产经纪有限公司
1861,广州市希蔓服装有限公司
1862,杭州金杭包装印业有限公司
1863,辽宁贝壳房地产经纪有限公司
1864,广州市龙泉酒业有限公司
1865,深圳市布查特纺织品有限公司
1866,河南晟格网络科技有限公司
1867,文峰荟（广州）创业投资管理有限公司
1868,广州微房团网络科技有限公司
1869,杭州欧咖服饰有限公司
1870,广州四三九九信息科技有限公司
1871,沈阳链家宝业房地产经纪有限公司南三好街二店
1872,成都知壹家网络技术有限公司
1873,南京悦爱电子商务有限公司
1875,益辉科技（中国）有限公司
1876,云南大尔多贸易有限公司
1877,北京莱威尼能源科技有限公司
1878,深圳兴导科技有限公司
1879,山西腾集服饰有限公司
1880,昆明北湖经贸有限责任公司
1881,广州久零网电子商务有限公司
1882,广州与至服装有限公司
1883,广东进业商贸广告有限公司
1884,深圳胜泓国际科技有限公司
1885,百度粤东营销服务中心
1886,广州米速信息科技有限公司
1887,广州市三横信息科技有限公司
1888,深圳市艾奴伊服饰有限公司
1889,山东婴贝儿健康管理顾问有限公司
1890,苏州美莱美容医院有限公司
1891,广州联真电子科技有限公司
1892,苏州仙峰网络科技股份有限公司
1893,武汉李氏麦香园餐饮管理有限公司
1894,南昌卓雅贸易有限公司
1895,南昌诚讯投资咨询有限公司
1896,上海芃屹信息科技有限公司
1897,苏州市乐铭贸易有限公司
1898,福州盛大卓越酒店管理有限公司
1899,深圳市德梅寒科技有限公司
1900,广东广宇科技发展有限公司
1901,广州小朴熊电子商务有限公司
1902,上海交复生物医药科技有限公司
1903,徐州苏宠宠物用品有限公司
1904,江苏仟值代服饰贸易有限公司
1905,沈阳焱展信息技术有限公司
1906,武汉乌托邦信息技术有限公司
1907,达州贝壳房地产经纪有限公司
1908,IDEAL阿蒂妖
1909,意尔康股份有限公司安徽分公司
1910,湖南西子电商品牌管理有限公司
1911,东莞厚街溪头励泰皮具制造厂
1912,长春市亿达华信通信工程有限公司
1913,南京粉黛化妆品有限公司
1914,深圳市金多多食品有限公司
1915,海澜集团有限公司
1916,南京建佳自动化设备有限公司
1917,广州纽得赛生物科技有限公司
1918,湖北精盛科技有限公司
1919,广州市骑鹅游信息技术咨询服务有限公司
1920,合肥链家宝业房地产经纪有限公司
1921,溜溜果园集团股份有限公司
1922,广州市商略信息咨询有限公司
1923,深圳蚂蚁空间网络科技有限公司
1924,武汉彩糖科技有限公司
1925,广州棒谷科技股份有限公司
1926,上海吉茶餐饮管理有限公司
1927,东莞市丁螺时装有限公司
1928,广州市钱大妈农产品有限公司
1929,茂名市鸿大服贸易有限公司
1930,东北师大理想软件股份有限公司
1931,重庆唯伊美医院管理有限公司
1932,郑州福睦机械设备有限公司
1933,上海泉聂智能科技有限公司
1934,上海葵渺信息技术有限公司
1935,广州爱日崎服饰有限公司
1936,宝晋建筑工程设计（上海）有限公司
1937,上海蓝蛙展览展示有限公司
1938,深圳市钱大妈农产品有限公司
1939,杭州市蔻丝电子商务有限公司
1940,广州集迦生活品轩股份有限公司
1941,深圳市颖希企业设计发展有限公司
1942,广州洪兴服饰有限公司
1943,北京中意宇星国际贸易有限责任公司
1944,无锡红豆居家服饰有限公司
1945,江苏西格数据科技有限公司
1946,上海优盛教育科技有限公司
1947,杭州领俊电子商务有限公司
1948,中国电子科技网络信息安全有限公司
1949,广州澳远电子商务有限责任公司
1951,广州蒸烩煮食品有限公司
1952,图谱天下（北京）科技有限公司
1953,中国平安人寿保险股份有限公司重庆市江北支公司
1954,深圳市良翔文化发展有限公司
1955,某知名实业有限公司
1956,上海泰韬网络技术有限公司
1957,深圳市迅衣库服饰有限公司
1958,广州德伦医疗投资有限公司
1959,深圳市童话森林家具有限公司
1960,恒企教育
1961,深圳市跨域体育用品有限公司（安踏深圳一级经销商）
1962,合发（上海）网络技术有限公司
1963,北京中汽亚讯信息咨询有限公司
1964,重庆金窝窝网络科技有限公司
1965,广州脉琪体育用品有限公司
1966,深圳天欧游戏有限公司
1967,可爱可亲（广州）高新科技有限公司
1968,广东云返汽车销售有限公司
1969,杭州九翎网络科技有限公司上海分公司
1970,成都远大盛兴商务信息咨询有限公司
1971,广东路卡服装集团有限公司
1972,柔持（北京）科技有限公司
1973,深圳市宏博伟智科技有限公司
1974,杭州索优服饰有限公司
1975,广州中赢实业投资有限公司
1976,广东地球村计算机系统股份有限公司
1977,武汉神码浮云科技有限公司
1978,佛山电器照明股份有限公司
1979,远梦家居用品股份有限公司
1980,江西巨网科技有限公司
1981,安徽富驰信息技术有限公司
1982,中国鞋城森林袋鼠鞋类批发部
1983,哇咔（天津）服饰有限公司
1985,上海果宝网络科技有限公司
1986,深圳鹏城前锦装饰工程有限公司
1987,深圳市华成峰科技有限公司
1988,瓜子二手车
1989,武汉青花服装设计制作有限公司
1990,佛山市顺德区卓越年华家具有限公司
1991,广州市纯希健康管理有限公司
1992,成都缔梵服饰有限公司
1993,天津莎莎智城餐饮有限公司
1994,广州诺米品牌管理有限公司
1995,长沙谱蓝网络科技有限公司
1996,广州市意韵服饰有限公司
1997,森大集团
1998,沈阳东软睿道教育服务有限公司
1999,武汉清风得意网络科技有限公司
2000,惠信易达征信服务（北京）有限公司
2001,快钱支付清算信息有限公司北京分公司
2002,东莞同济大学研究院
2003,上海鹏芮网络科技有限公司
2004,福建吉诺集团有限公司
2005,房天下青岛分公司
2006,九牧厨卫股份有限公司
2007,上海美市科技有限公司
2008,厦门紫光展锐科技有限公司
2010,广州市莲娜姬化妆品有限公司
2012,北极绒（上海）纺织科技发展有限公司
2013,沈阳东汇日用品
2014,深圳市傲基电子商务股份有限公司
2015,广州衣神制作服饰有限公司
2016,深圳市泽汇科技有限公司
2017,欧色时装(杭州)有限公司
2018,满堂红（中国）置业有限公司佛山分公司
2019,深圳市左右家私有限公司
2020,上海商米科技有限公司
2021,杭州陌花阡开电子商务有限公司
2022,浙江星悦服饰有限公司
2023,广州百伦供应链科技有限公司
2024,青岛欧斯瑞经贸有限公司
2025,深圳市芒柠科技有限公司
2026,杭州超级木马品牌运营管理有限公司
2027,深圳市云才网络信息技术有限公司
2028,深圳市源极光科技有限公司
2029,四川孩子王儿童用品有限公司
2030,广州渠道拓展信息科技有限公司
2031,杭州孩子王儿童用品有限公司温州龙湾万达店
2032,深圳市盛唐达电子科技有限公司
2033,成都爱车保信息技术有限公司
2034,杭州爱斯基摩人床上用品有限公司
2035,苏州川在谷服饰有限公司
2036,中汇联合（大连）商务咨询有限公司
2037,北京万向卓迹商贸有限公司
2038,合肥市航嘉电子技术有限公司
2039,华润置地（北京）物业管理有限责任公司太原分公司
2040,紫梧桐（北京）资产管理有限公司
2041,深圳市视游互动科技有限公司
2042,天津爱康鼎科技有限公司
2043,广州市从一到九电子商务有限公司
2044,安徽迪鳌金融服务外包有限公司
2045,广州多威服饰有限公司
2046,四川金盛琦商贸有限责任公司
2047,武汉南北天地科技有限公司
2048,百度西北营销服务中心
2049,广州海祜纳儿童用品有限公司
2050,广州广耀实业投资有限公司
2051,纽逅谱（上海）网络科技有限公司
2052,东莞宜步汽车服务有限公司
2053,广州华腾实业投资有限公司
2054,杭州无一科技有限公司
2055,深圳市德科信息技术有限公司
2056,沈阳优邦商贸有限公司
2057,济南昆楚信息科技有限公司
2058,上海回天新材料有限公司
2059,上海稚趣堂文化传播有限公司
2060,上海道纪开服饰有限公司
2061,云南韩恩企业管理有限公司
2062,浙江华为通信技术有限公司
2063,广州中融商务信息咨询有限公司
2064,上海佩琪信息技术有限公司
2065,广州诚予国际市场信息研究有限公司
2066,大连豪森瑞德设备制造有限公司
2067,沈阳华泽三峰木业有限公司
2068,南京百恩特自动化科技有限公司
2069,深圳市众金在线金融服务有限公司
2070,南京赫铭服装贸易有限公司
2071,苏州神海港航数据服务有限公司
2072,北京好鱼鲜餐饮管理有限公司
2073,安徽俊动建筑工程公司
2074,广州中赢实业投资有限公司
2075,广州中融商务信息咨询有限公司
2076,广州富米科技有限公司
2077,上海游民网络科技有限公司
2078,长沙闹海房地产经纪有限责任公司
2080,湖南潭州教育网络科技有限公司成都分公司
2081,云南世盛投资有限公司
2082,广州思为时尚科技有限公司
2083,中山研拓打印机设备有限公司
2084,武汉每天景鹏商贸有限公司
2085,上海道法自动化系统集成有限公司
2086,杭州德熙汽车配件有限公司
2087,广州金蟋帅贸易有限公司
2088,西安易行良行房地产营销策划有限公司
2089,易初明通工程机械（总部）
2090,药渡经纬信息科技（北京）有限公司
2091,广州三傻黑狗电子商务有限公司
2092,上海贝塔斯曼商业服务有限公司
2093,遨游酒店信息技术（深圳）有限责任公司
2094,上海鲸团科技有限公司
2095,杭州汝尚贸易有限公司
2096,Autofull傲风电竞椅
2097,南京鸿丰商务咨询有限公司
2098,东软睿道（天津）
2099,浙江米奥兰特商务会展股份有限公司
2100,成都银泰商务服务有限公司
2101,苏州梦嘉传媒有限公司
2102,广州泰俊实业投资有限公司
2103,广州合优网络科技有限公司
2104,广州通创贸易有限公司
2105,广州景煜电子商务有限公司
2106,上海储盟信息科技有限公司
2107,中国平安人寿保险股份有限公司重庆市江北支公司
2108,佛山市南海叁拾加农业发展有限公司
2109,杭州黑马人力资源服务有限公司
2110,众安在线财产保险股份有限公司
2111,深圳市布先生服饰有限公司
2112,杉杉品牌运营股份有限公司
2113,广东明世教育集团有限公司深圳分公司
2114,广东顺畅科技有限公司
2115,福州咸鱼科技有限公司
2116,国能日新科技股份有限公司
2118,广东赢商网数据服务股份有限公司
2119,北京擎科新业生物技术有限公司
2126,广州大来贸易有限公司
2127,金华麦冬网络科技有限公司
2128,成都叁号鞋业有限公司
2129,广州市提图斯服饰有限公司
2130,换换集团
2131,昆山衣尚品信息技术有限公司
2132,德邦快递
2133,苏州铸诚服饰有限公司
2134,杭州卡尔菲特童装有限公司
2135,广州沣鼎实业投资有限公司
2136,北京丽兹行房地产顾问有限公司-BJ4
2137,武汉和益致远商贸有限公司
2138,掌上时代科技
2139,广州马可文化传播有限公司
2140,杭州任分期电子商务有限公司
2141,北京华宇泰聚科技有限公司
2142,广州珂卡芙鞋业有限公司
2143,广州市明师教育服务股份有限公司
2144,上海笕尚服饰有限公司
2145,东莞市慕思寝室用品有限公司
2146,广州市恒流网络科技有限公司
2147,深圳市立诚投资咨询有限公司
2148,合肥维天运通信息科技股份有限公司
2151,江苏鼎汇嘉诚教育科技有限公司第二分部
2152,广东兆丰恒业控股集团有限公司
2153,广东兆丰恒业黄金有限公司
2154,广州魔晶客网络科技有限公司
2155,河南伊赛尔电子商务有限公司
2156,广东信丰物流有限公司
2157,安居客
2158,厦门链家宝业房地产经纪有限公司第九分店
2159,乐伽公寓
2160,广东世纪人土地与房地产评估咨询有限公司
2161,上海捷财金融信息服务有限公司
2162,南京茂毓通软件科技有限公司
2163,优趣汇（上海）供应链管理有限公司
2164,北京连盈科技有限公司
2165,广东赛百威信息科技有限公司
2166,上海众谱伟信金融信息服务有限公司
2167,郫都区新诚园艺场
2168,太平洋保险在线服务科技有限公司
2169,携程旅行网业务区
2170,麦可思数据（北京）有限公司
2171,厦门五颗星信息科技有限公司
2172,辽宁省潮尊实业有限公司
2173,广州市岜蜚特贸易有限公司
2174,卫盈联信息技术（深圳）有限公司
2175,杭州星矢投资管理有限公司
2176,上海荣太文化传播有限公司
2177,上海瀚垚生物医学科技有限公司
2178,江苏润和软件股份有限公司
2179,重庆华晟讯科技有限公司
2180,南通普思商务信息咨询有限公司
2181,厦门智汇祥盈科技有限公司
2182,北京大地机构
2183,成都迈思信息技术有限公司
2184,华正云科（北京）信息技术有限公司
2185,昆明冬冬食品有限公司
2186,中国信息通信研究院
2187,北京天智恒业科技发展有限公司
2188,上海华夏邓白氏商业信息咨询有限公司
2189,恒大园林集团有限公司
2190,医药魔方
2191,上海微盟企业发展有限公司
2192,河北飞码软件开发有限公司
2193,杭州鑫蜂维网络科技有限公司
2194,浙江黛星乔服饰有限公司
2195,上海通华资产管理有限公司
2196,武汉文思华腾信息服务有限公司
2197,中国平安人寿保险股份有限公司河南分公司
2198,松下信息系統（上海）有限公司
2199,海风教育-K12 在线一对一
2200,北京捷泰天域信息技术有限公司
2201,上海卡童尼儿童乐园有限公司
2202,西安启柚网络科技有限公司
2203,上海云序生物科技有限公司
2204,深圳宜和股份有限公司（深视宜和购物频道）
2205,天津盛开人力资源服务有限公司
2206,佳宁化妆品（福州）有限公司
2207,深圳前海移联科技有限公司
2208,悠融资产管理（上海）有限公司
2209,溢米辅导-中小学在线1对1
2210,碧生源控股有限公司
2211,云集共享科技有限公司
2212,上海姚际信息科技有限公司
2213,前程无忧代招聘
2214,广州微咔世纪信息科技有限公司
2215,广州屈臣氏个人用品商店有限公司
2216,中国国际图书贸易集团有限公司
2217,厦门大数匠信息科技有限公司
2218,人民网股份有限公司
2219,浙江天下网商网络传媒有限公司
2220,襄阳世纪天语管理咨询有限公司
2221,福建博思软件股份有限公司
2222,拉卡拉支付集团（华东区域）
2223,佰仟融资租赁有限公司
2224,海南威斯达电子科技有限公司
2225,有家实业有限公司
2226,平安普惠投资咨询有限公司
2227,名创优品（广州）有限责任公司
2228,重庆法安通体育文化传播有限公司
2229,福韵数据服务有限公司
2230,浙江森马电子商务有限公司
2231,海尔家电产业集团
2232,上海圣一信息技术有限公司
2233,深圳内控管理研究院有限公司
2234,上海高顿企业管理咨询有限公司
2235,北京万向卓迹商贸有限公司
2236,北京睿永康科技有限公司
2237,广州趣元素网络科技有限公司
2238,美团点评
2239,河南基翔食品有限公司
2240,湖北中公网医疗信息技术有限公司
2241,北京牛电科技有限责任公司
2242,荷贝（宁波）国际贸易有限公司
2243,厦门美图之家科技有限公司
2244,美菜网
2245,华图教育-总部
2246,广州泽依服装有限公司
2248,游族网络
2249,深圳市有棵树科技有限公司
2250,广州中融商务信息咨询有限公司
2251,北京润霖汽车科技有限公司
2252,深圳贝壳闹海房地产经纪有限公司
2253,上海安硕信息技术股份有限公司
2255,宜信公司
2256,去哪儿网机票事业部
2257,广西优居科技有限公司
2258,广州衣百服饰有限公司
2259,深圳市爵邦体育用品有限公司
2260,武汉凯蓝欣悦品牌推广有限公司
2261,上海成峰流体设备有限公司
2262,平安普惠企业管理有限公司山东分公司
2263,交通银行信用卡中心
2264,湖北灰科信息技术有限公司
2266,维科控股集团股份有限公司
2267,登腾（北京）医疗器械商贸有限公司
2268,南京领添信息技术有限公司
2269,无锡元坤资产管理有限公司
2270,天津经纬智图信息技术有限公司
2271,西安道汇创金商务咨询有限公司
2272,广东三头六臂信息科技股份有限公司
2273,塔思琦（上海）商业有限公司
2274,北京万向联合控股集团有限公司南京分公司
2275,南京四象新能源科技有限公司
2276,徐福记国际控股集团有限公司
2277,房多多网络科技
2278,北京春腾网络科技股份有限公司
2279,泰华智慧产业集团股份有限公司
2280,上海溯天珠宝贸易有限公司（钻石小鸟）
2281,百度（中国）有限公司东莞分公司
2282,优信集团
2283,徐州点拓网络科技有限公司
2284,成都长天星斗科技有限公司
2285,广东省南方传媒发行物流有限公司
2286,北京承启通科技有限公司
2287,青岛莱牛教育有限公司
2288,上海俊懿实业有限公司
2289,杭州拓路者服饰有限公司
2290,广州市合众实业投资有限公司
2291,富智康集团有限公司
2292,广东方纬科技有限公司
2293,常州名南信息技术有限公司
2294,广州市合众实业投资有限公司
2295,深圳市点之亮光电有限公司
2296,奥理天祥（成都）科技有限公司
2297,上海联蔚数据科技有限公司
2298,上海卫诚企业征信有限公司
2299,广州乔莎服饰有限公司
2301,上海轻轻信息科技有限公司
2302,天鲜配（上海）科技有限公司
2303,上海烃悦信息科技有限公司
2304,国药控股菱商医院管理服务（上海）有限公司
2305,强生（中国）有限公司
2306,i-Shanghai
2307,上海成蹊信息科技有限公司
2308,西安视觉引力数字科技有限责任公司
2309,平安普惠企业管理有限公司上海分公司
2310,山西昂骏电子商务有限公司
2311,上海你我贷互联网金融信息服务有限公司
2312,上海易辟电子商务有限公司
2314,深圳奥尼电子股份有限公司
2315,北京外企德科人力资源服务上海有限公司
2316,上海泰侠网络科技有限公司
2317,南京安讯科技有限责任公司
2318,广东新联移动通信有限公司
2320,合肥链家宝业房地产经纪有限公司
2321,上海证大投资咨询有限公司
2322,科诺牧业机械设备（上海）有限公司
2323,苏州晶方半导体科技股份有限公司
2324,北京益派市场咨询有限公司
2325,杭州聚惠电子商务有限公司
2326,南京链家房地产经纪有限公司
2327,佛山众塑联网络科技有限公司
2328,深圳市勒朗国际贸易有限公司
2329,上海珂妍多商贸有限公司
2330,太仓斯麦德商务咨询有限公司
2331,郑州金惠计算机系统工程有限公司
2332,北京京鹏环球科技股份有限公司
2333,艾利（广州）包装系统产品有限公司
2334,河北顺丰速运有限公司
2335,上海交通大学网络信息中心
2336,维升（天津）企业管理有限公司
2337,成都阿纳巴里影业有限公司
2338,广东立信企业有限公司
2340,便利蜂
2341,上海泱林企业管理咨询有限公司
2343,厦门链家宝业房地产经纪有限公司第八分店
2344,上海链斯达克信息科技有限公司
2345,康贝司（天津）企业管理咨询有限公司
2347,信必优(深圳)信息技术有限公司
2348,郑州特亚网络科技有限公司
2349,广州沣鼎实业投资有限公司
2350,上海优吾企业管理咨询有限公司
2351,广东数果科技有限公司
2352,长沙川际贸易有限公司
2353,四川鸿峰懿科技有限公司
2354,北京蛙鸣华清环保科技有限公司
2355,上海图趣信息科技有限公司（Wayz.ai）
2357,江西京科联通网络技术有限公司
2358,北京鼎泰智源科技有限公司
2359,西安鹏光环保科技有限责任公司
2360,本来生活网
2361,武汉深创融信投资管理有限公司
2362,爱空间科技（北京）有限公司
2363,乐格商业咨询（深圳）有限公司
2364,上海巧捷生物科技有限公司
2365,北京盛业恒泰投资有限公司
2366,南京万达广场商业管理有限公司
2367,鸿宸创影（成都）科技有限公司
2368,广州中赢实业投资有限公司
2369,小黑鱼科技有限公司
2370,苏州质谱源信息科技有限公司
2371,昆明慧米科技有限公司
2372,杭州凯和人力资源有限公司
2373,上海繁睿信息技术有限公司
2374,北京盛达天使贸易有限公司
2375,深圳市信德缘珠宝首饰有限公司
2376,东来涂料技术（上海）有限公司
2377,上海网达软件股份有限公司
2378,哥弟
2379,广州华腾实业投资有限公司
2380,四川链家房地产经纪有限公司
2381,深圳市第一卫电子有限公司
2382,北京博万管理咨询有限公司
